name,file,developer,publisher,releasedate,genre,players,desc
2-in-1 Super Mario Bros. / Duck Hunt,,Nintendo R&D4 / Intelligent Systems,Nintendo,1988-11-01,,,"Embark on classic adventures as Mario, rescuing Princess Peach from Bowser's clutches, and then test their shooting skills by aiming at flying ducks in a thrilling hunting challenge."
2-in-1 Super Spike V'Ball / Nintendo World Cup,,Technōs Japan,Nintendo,1990-12-01,,,Experience the excitement of intense beach volleyball matches and fierce international soccer tournaments as they compete to become champions in both sports.
The 3-D Battles of WorldRunner,,Square,Acclaim Entertainment,1987-09-01,,,"Embark on a fast-paced intergalactic journey as Jack the WorldRunner, dodging obstacles and battling monstrous foes to save the universe from the evil Grax and rescue Princess Lela."
3-in-1 Super Mario Bros. / Duck Hunt / World Class Track Meet,,Nintendo R&D4 / Intelligent Systems / Human Entertainment,Nintendo,1990-12-01,,,"Enjoy a triple adventure, starting with Mario's quest to rescue Princess Peach, then testing their aiming skills in a duck hunting challenge, and finally, competing in various Olympic track events to achieve athletic glory."
3-in-1 Super Mario Bros. / Tetris / Nintendo World Cup,,Nintendo R&D4 / Nintendo R&D1 / Technōs Japan,Nintendo,1991,,,"Dive into a versatile gaming experience, where they can enjoy classic platforming adventures as Mario, engage in strategic puzzle-solving with Tetris, and participate in thrilling international soccer tournaments for a well-rounded gaming journey."
8 Eyes,,Thinking Rabbit,Taxan,1988-09-27,Action & Adventure,1-2,Guide the knight Orin and his faithful falcon Cutrus on a perilous quest to retrieve eight mystical gems and thwart the nefarious plans of the evil King's eight guardians.
10-Yard Fight,"10-Yard Fight (USA, Europe).nes",Irem,Nintendo,1983-12-05,Football,1-2,"Engage in an American football challenge, striving to lead their team to victory by navigating through opponents and scoring touchdowns within a 10-yard radius."
720°,,Beam Software,Mindscape,1989-11-01,Sports,,"Take on the role of a skilled skateboarder navigating through various skate parks, mastering tricks, and avoiding obstacles to qualify for the ultimate skateboarding competition."
1942,"1942 (Japan, USA).nes",Micronics,Capcom,1986-11-01,Other,,"Pilot a World War II fighter plane, battling enemy forces in intense aerial combat to defeat the Imperial Japanese Navy and bring victory to the Allied forces."
1943: The Battle of Midway,,Capcom,Capcom,1988-10-01,Other,,"Pilot a powerful World War II fighter plane, engaging in intense aerial combat over the Pacific Ocean to challenge the Japanese forces and lead their squadron to victory in the pivotal Battle of Midway."
A Boy and His Blob: Trouble on Blobolonia,,Imagineering,Absolute Entertainment / Nintendo,1990-01-01,Action & Adventure,,"A young boy teams up with his jellybean-eating blob friend to journey to the distant planet Blobolonia, rescuing the kidnapped inhabitants from an evil emperor and restoring peace to the whimsical world."
A Nightmare on Elm Street,,Rare,LJN,1990-10-01,Action & Adventure,,"Navigate through the nightmarish dream world, defeating Freddy Krueger's nightmarish minions and ultimately confronting the evil dream demon to save the Elm Street children from eternal terror."
Abadox: The Deadly Inner War,Abadox - The Deadly Inner War (USA).nes,Natsume,Milton Bradley Company,1990-03-01,Action & Adventure,,"Navigate through the insidious interior of the gigantic alien creature Abadox, facing gruesome adversaries and hazardous environments to rescue Princess Maria and put an end to the deadly inner conflict threatening the universe."
The Addams Family,The Addams Family (USA).mp4,Ocean Software,Ocean Software,1992-01-01,Action & Adventure,,"Step into the spooky world of the Addams family mansion, guiding Gomez through eerie landscapes and haunted hallways to rescue his kidnapped family members and thwart the evil plans of the sinister Dr. Gravely."
The Addams Family: Pugsley's Scavenger Hunt,,Enigma Variations,Ocean Software,1993-08-01,Action & Adventure,,"Join Pugsley and Wednesday on a thrilling scavenger hunt adventure through the eerie Addams mansion and creepy locales, solving puzzles and collecting items to save their beloved family members from an unknown danger."
Advanced Dungeons & Dragons: DragonStrike,,Westwood Associates,FCI,1992-07-01,Strategy,,"Embark on a heroic quest as dragon riders, battling monstrous creatures and ultimately facing the powerful dragon queen to save the land from impending doom."
Advanced Dungeons & Dragons: Heroes of the Lance,,Natsume,FCI,1991-01-01,Strategy,,"Take control of a band of brave heroes, exploring treacherous dungeons, fighting fearsome monsters, and retrieving the dragonlance to defeat the evil dragon army and save the land of Krynn from darkness."
Advanced Dungeons & Dragons: Hillsfar,,Crosstalk,FCI,1993-02-01,Strategy,,"Immerse in a medieval world, training skills, completing quests, and facing challenges to rise from a humble adventurer to a legendary hero in the bustling city of Hillsfar."
Advanced Dungeons & Dragons: Pool of Radiance,,Marionette / SRS,FCI,1992-04-01,Strategy,,"Lead a party of heroes on a perilous journey through the city of Phlan, battling monsters, solving mysteries, and ultimately confronting the dark force emanating from the Pool of Radiance to restore peace to the realm."
Adventure Island,Adventure Island (USA).nes,Hudson Soft,Hudson Soft,1988-09-01,Action & Adventure,,"Join the fearless Master Higgins on a tropical island adventure, running through treacherous terrains, defeating enemies, and rescuing his beloved Princess Leilani from the clutches of the evil witch doctor."
Adventure Island 3,,Now Production,Hudson Soft,1992-09-01,Action & Adventure,,"Embark on a thrilling expedition with Master Higgins, traversing diverse environments, overcoming formidable challenges, and battling powerful bosses to rescue his dinosaur friends and thwart the sinister plans of the evil Witch Doctor once more."
Adventure Island II,Adventure Island II (USA).nes,Now Production,Hudson Soft,1991-02-01,Action & Adventure,,"Set out on another daring journey across dangerous islands, facing fierce enemies and overcoming treacherous obstacles to rescue Tina from the clutches of a malevolent alien invader."
Adventures in the Magic Kingdom,,Capcom,Capcom,1990-06-01,Action & Adventure,,"Embark on a magical quest through various Disney-themed attractions, collecting silver keys and solving challenges to rescue six missing keys and prepare for an enchanting parade."
The Adventures of Bayou Billy,,Konami,Konami,1989-06-01,Action & Adventure,,"Follow the daring journey of Billy West as he battles through the treacherous swamps of Louisiana, fights henchmen, and takes on challenging boss battles to save his kidnapped girlfriend Annabelle from the clutches of the evil gangster Godfather Gordon."
Adventures of Dino Riki,,Hudson Soft,Hudson Soft,1989-09-01,Action & Adventure,,"Control the courageous young caveman Dino Riki as he ventures through prehistoric lands, defeating hostile creatures and bosses to rescue his beloved friends and restore peace to the ancient world."
The Adventures of Gilligan's Island,,Human Entertainment,Bandai,1990-07-01,,,"Join the castaways from the famous TV show, guiding Gilligan through various island challenges, solving puzzles, and finding essential items to help all the characters escape the island and return home."
Adventures of Lolo,,HAL Laboratory,HAL America / HAL Laboratory,1989-04-01,Action & Adventure,,"Control the lovable blue ball-like character Lolo, navigating through numerous puzzle-filled rooms in a quest to rescue Princess Lala from the clutches of the evil King Egger and his minions."
Adventures of Lolo 2,,HAL Laboratory,HAL America / HAL Laboratory,1990-03-01,Action & Adventure,,"Lolo returns to embark on a challenging adventure across new puzzle-filled stages, utilizing his wits and strategic thinking to rescue Princess Lala once again from the clutches of the wicked Great Devil and his minions."
Adventures of Lolo 3,,HAL Laboratory,HAL America / HAL Laboratory,1991-09-01,Puzzle,,"Lolo sets out on another puzzle-solving adventure, exploring new lands, confronting challenging enemies, and employing clever tactics to rescue Princess Lala and her companions from the evil Empire and restore peace to the world of Eden."
The Adventures of Rad Gravity,,Interplay Productions,Activision,1990-12-01,,,"Join the quirky astronaut Rad Gravity, traveling through space to rescue fellow scientists from the clutches of an evil villain, all while combating extraterrestrial adversaries and navigating challenging worlds."
The Adventures of Rocky and Bullwinkle and Friends,,Radical Entertainment,THQ,1992-12-01,Action & Adventure,,"Embark on a hilarious journey with Rocky the Flying Squirrel and Bullwinkle the Moose, solving puzzles and overcoming obstacles to thwart the nefarious plans of the sinister duo Boris and Natasha and rescue their friends from imminent danger."
Adventures of Tom Sawyer,,Winkysoft,SETA,1989-08-01,Action & Adventure,,"Accompany the mischievous young Tom Sawyer as he navigates through the picturesque town of St. Petersburg, Missouri, solving puzzles and avoiding obstacles on a quest to find hidden treasure and evade the clutches of the menacing Injun Joe."
Air Fortress,,HAL Laboratory,HAL America / HAL Laboratory,1989-09-01,Other,,"Pilot a powerful spaceship, navigating through deadly aerial mazes, battling enemy forces, and infiltrating air fortresses to rescue captured scientists and liberate the galaxy from the oppressive Super Mech."
Airwolf,,Beam Software,Acclaim Entertainment,1989-06-01,Action & Adventure,,
Al Unser Jr.'s Turbo Racing,,Data East,Data East,1990-03-01,Racing,,
Aladdin,,NMS Software,Virgin Interactive,1994-12-31,Action & Adventure,,
Alex DeMeo's Race America,,Imagineering,Absolute Entertainment / Milton Bradley Company,1992-05-01,,,
Alfred Chicken,,Twilight,Mindscape,1993,Action & Adventure,,
Alien 3,,Probe Software,LJN,1993,Action & Adventure,,
All-Pro Basketball,,Aicom,Vic Tokai,1989-12-01,Basketball,,
Alpha Mission,,SNK,SNK,1987,Action & Adventure,,
Amagon,,Aicom,American Sammy,1989-04-01,Action & Adventure,,
American Gladiators,,Incredible Technologies,GameTek,1991-10-01,Sports,,
Anticipation,,Rare,Nintendo,1988-11-01,Action & Adventure,,
Arch Rivals,,Rare,Acclaim Entertainment,1990-11-01,Basketball,,
Archon,,Bullet-Proof Software,Activision,1989-12-01,Action & Adventure,,
Arkanoid,,Taito,Taito,1987-08-01,Action & Adventure,,
Arkista's Ring,,NMK,American Sammy,1990-06-01,Action & Adventure,,
Asterix,,Bit Managers,Infogrames,1993,Action & Adventure,,
Astyanax,,Aicom,Jaleco,1990-03-01,Action & Adventure,,
Athena,,Micronics,SNK,1987-08-01,Action & Adventure,,
Athletic World,,Human Entertainment,Bandai / Nintendo,1987-07-01,Sports,,
Attack of the Killer Tomatoes,,Imagineering,THQ,1992-01-01,Action & Adventure,,
Aussie Rules Footy,,Beam Software,Laser Beam Entertainment,1991,Sports,,
Back to the Future,,Beam Software,LJN,1989-09-01,Action & Adventure,,
Back to the Future Part II & III,,Beam Software,LJN,1990-09-01,Action & Adventure,,
Bad Dudes,,Data East,Data East / Ocean Software,1989-07-01,Action & Adventure,,
Bad News Baseball,,Tecmo,Tecmo,1990-06-01,Baseball,,
Bad Street Brawler,,Beam Software,Mattel,1989-09-01,Fighting,,
Balloon Fight,Balloon Fight (USA).nes,Nintendo R&D1 / HAL Laboratory,Nintendo,1986-06-18,Action & Adventure,,"Control a fearless Balloon Fighter, using their skills to pop enemy balloons and avoid hazards while soaring through the skies in a whimsical aerial battle."
Banana Prince,,KID,Takara,1992-02-01,Action & Adventure,,
Bandai Golf: Challenge Pebble Beach,,TOSE,Bandai,1989-02-01,Sports,,
Bandit Kings of Ancient China,,Koei,Koei / 1990,1990-12-01,Strategy,,
Barbie,,Imagineering,Hi Tech Expressions,1991-12-01,Action & Adventure,,
The Bard's Tale,,Atelier Double,FCI,1991-11-01,RPG,,
Barker Bill's Trick Shooting,,Nintendo R&D1,Nintendo,1990-08-01,Other,,
Base Wars,,Konami,Ultra Games,1991-06-01,,,
Baseball,"Baseball (USA, Europe).nes",Nintendo R&D1,Nintendo,1985-10-18,Baseball,,"Take on the role of a baseball team manager, strategizing lineups, making pitching decisions, and aiming for victory in thrilling virtual baseball matches."
Baseball Simulator 1.000,,Culture Brain,Culture Brain,1990-03-01,Baseball,,
Baseball Stars,,SNK,SNK,1989-07-01,Baseball,,
Baseball Stars 2,,Pixel,Romstar,1992-07-01,Baseball,,
Bases Loaded,,TOSE,Jaleco,1988-07-01,Baseball,,
Bases Loaded 3,,TOSE,Jaleco,1991-09-01,Baseball,,
Bases Loaded 4,,TOSE,Jaleco,1993-04-01,Baseball,,
Bases Loaded II: Second Season,,TOSE,Jaleco,1990-01-01,Baseball,,
Batman Returns,,Konami,Konami,1993-01-01,Action & Adventure,,
Batman: Return of the Joker,,Sunsoft,Sunsoft,1991-12-01,Action & Adventure,,
Batman: The Video Game,,Sunsoft,Sunsoft,1990-02-01,Action & Adventure,,
Battle Chess,,Beam Software,Data East,1990-07-01,Strategy,,
The Battle of Olympus,,Infinity,Brøderbund / Nintendo,1989-12-01,Action & Adventure,,
Battle Tank,,Imagineering,Absolute Entertainment,1990-09-01,Action & Adventure,,
Battleship,,Mindscape,Mindscape,1993-09-01,Strategy,,
Battletoads,,Rare,Tradewest,1991-06-01,Action & Adventure,,
Battletoads/Double Dragon,,Rare,Tradewest / Nintendo,1993-06-01,Action & Adventure,,
Beauty and the Beast,,Probe Software,Hudson Soft,1994,Action & Adventure,,
Beetlejuice,,Rare,LJN,1991-05-01,Action & Adventure,,
Best of the Best: Championship Karate,,Movie Software,Electro Brain / Loriciel,1992-12-01,Fighting,,
Bigfoot,,Beam Software,Acclaim Entertainment,1990-08-01,Action & Adventure,,
Bill & Ted's Excellent Video Game Adventure,,Rocket Science Productions,LJN,1991-08-01,Action & Adventure,,
Bill Elliott's NASCAR Challenge,,Distinctive Software,Konami,1991-12-01,Racing,,
Bionic Commando,,Capcom,Capcom,1988-12-01,Action & Adventure,,
The Black Bass,,Another,Hot-B,1989-09-01,Sports,,
Blades of Steel,,Konami,Konami,1988-12-01,Sports,,
Blaster Master,,Sunsoft,Sunsoft,1988-11-01,Action & Adventure,,
The Blue Marlin,,Hot-B,Hot-B,1992-07-01,Sports,,
The Blues Brothers,,Titus Software,Titus Software,1992-09-01,Action & Adventure,,
Bo Jackson Baseball,,Beam Software,Data East,1991-10-01,Baseball,,
Bomberman,Bomber Man (Japan).nes,Hudson Soft,Hudson Soft,1989-01-01,Action & Adventure,,"Control the titular Bomberman, navigating through a maze of obstacles, planting bombs strategically to defeat enemies and ultimately save the world from the clutches of the evil Bomber Corps."
Bomberman II,Bomberman II (USA).nes,Hudson Soft,Hudson Soft,1991,Puzzle,,"Embark on a thrilling adventure across multiple worlds, strategically planting bombs to defeat enemies, rescue the kidnapped Bomber Princess, and thwart the nefarious Black Bomberman's evil plans."
Bonk's Adventure,,AI,Hudson Soft,1994-01-01,Action & Adventure,,
Boulder Dash,,Data East / Sakata SAS,JVC Musical Industries / Nintendo,1990-06-01,Action & Adventure,,
Bram Stoker's Dracula,,Probe Software,Sony Imagesoft,1993-09-01,Action & Adventure,,
Break Time: The National Pool Tour,,Opera House,FCI,1993-01-01,Sports,,
BreakThru,,Data East,Data East,1987-11-01,Puzzle,,
Bubble Bobble,Bubble Bobble (USA).nes,Taito,Taito,1988-11-01,Action & Adventure,,"Control Bub and Bob, the adorable dragon brothers, as they venture through various colorful levels, trapping enemies in bubbles and striving to rescue their kidnapped friends, transforming them back into humans and restoring peace to their world."
Bubble Bobble Part 2,,OLM / I.T.L,Taito,1993-08-01,Action & Adventure,,
Bucky O'Hare,,Konami,Konami / Palcom Software,1992-01-01,Action & Adventure,,
The Bugs Bunny Birthday Blowout,,Kemco,Kemco*Seika / Kemco,1990-09-01,Action & Adventure,,
The Bugs Bunny Crazy Castle,,Kemco,Kemco*Seika,1989-08-01,Action & Adventure,,
Bump 'n' Jump,,Data East / Sakata SAS,Vic Tokai,1988-12-01,Action & Adventure,,
Burai Fighter,,KID,Taxan / Nintendo,1990-03-01,Fighting,,
BurgerTime,,Data East / Sakata SAS,Data East,1987-05-01,Puzzle,,
Cabal,,Zippo Games,Milton Bradley Company,1990-06-01,Action & Adventure,,
Caesars Palace,,Realtime Associates,Virgin Interactive,1992-12-01,Sports,,
California Games,,Rare,Milton Bradley Company,1989-06-01,Sports,,
Capcom's Gold Medal Challenge '92,,Capcom,Capcom,1992-08-01,,,
Captain America and The Avengers,,Data East,Data East,1991-12-01,Action & Adventure,,
Captain Planet and the Planeteers,,Chris Gray Enterprises,Mindscape,1991-09-01,Action & Adventure,,
Captain Skyhawk,,Rare,Milton Bradley Company / Nintendo,1990-06-01,Action & Adventure,,
Casino Kid,,SOFEL,SOFEL,1989-10-01,Other,,
Casino Kid 2,,SOFEL,SOFEL,1993-04-01,Other,,
Castelian,,Bits Studios,Triffix / Storm,1991-06-01,Action & Adventure,,
Castle of Dragon,,Athena,SETA,1990-06-01,Action & Adventure,,
Castlequest,,ASCII,Nexoft,1989-09-01,Action & Adventure,,
Castlevania,Castlevania (USA).nes,Konami,Konami,1987-05-01,Action & Adventure,,"Take on the role of Simon Belmont, a vampire hunter armed with a whip, as he ventures through Dracula's haunted castle, defeating the dark creatures and confronting the infamous Count Dracula himself to save Transylvania from eternal darkness."
Castlevania II: Simon's Quest,Castlevania II - Simon's Quest (USA).nes,Konami,Konami,1988-12-01,Action & Adventure,,"Guide Simon Belmont on an epic journey through Transylvania, collecting Dracula's body parts to break the curse and prevent the resurrection of the infamous vampire, Count Dracula."
Castlevania III: Dracula's Curse,Castlevania III - Dracula's Curse (USA).nes,Konami,Konami / Palcom Software,1990-09-01,Action & Adventure,,"Control Trevor Belmont and his companions, Sypha, Grant, and Alucard, as they embark on a perilous quest to defeat Count Dracula and rid the world of his malevolent influence once and for all."
Caveman Games,,Painting by Numbers,Data East,1990-10-01,Party,,
Championship Bowling,,Athena,Romstar,1989-12-01,Sports,,
Championship Pool,,Bitmasters,Mindscape,1993-10-01,Sports,,
Championship Rally,,Human Entertainment,HAL Laboratory,1991,Racing,,
Chip 'n Dale: Rescue Rangers,,Capcom,Capcom,1990-06-01,Action & Adventure,,
Chip 'n Dale: Rescue Rangers 2,,Capcom,Capcom,1994-01-01,Action & Adventure,,
Chubby Cherub,,TOSE,Bandai,1986-10-01,Action & Adventure,,
Circus Caper,,Advance Communication Company,Toho,1990-07-01,Action & Adventure,,
Circus Charlie,Circus Charlie (Japan).nes,Konami,Soft Pro,1986-03-04,Action / Platformer,,"Step into the shoes of Charlie, the talented circus performer, maneuvering through various challenging circus acts to entertain the audience and secure Charlie's place as the circus superstar."
City Connection,,Jaleco,Jaleco,1988-05-01,Action & Adventure,,
Clash at Demonhead,,Vic Tokai,Vic Tokai,1990-01-01,Action & Adventure,,
Classic Concentration,,Softie,GameTek,1990-09-01,Action & Adventure,,
Cliffhanger,,Spidersoft,Sony Imagesoft,1993-11-01,Action & Adventure,,
Clu Clu Land,Clu Clu Land (World).nes,Nintendo R&D1,Nintendo,1985-10-18,Action & Adventure,,"Control Bubbles, the brave fish, as she embarks on an underwater adventure, strategically unearthing gold bars while avoiding enemies and uncovering hidden treasures to restore peace to the sea."
Cobra Command,,Data East,Data East,1988-11-01,Action & Adventure,,
Cobra Triangle,,Rare,Nintendo,1989-07-01,Action & Adventure,,
Code Name: Viper,,Arc System Works / Capcom,Capcom,1990-03-01,Action & Adventure,,
Color a Dinosaur,,FarSight Studios,Virgin Interactive,1993-07-01,Other,,
Commando,,Capcom,Capcom,1986-11-01,Action & Adventure,,
Conan: The Mysteries of Time,,Eastridge Technology,Mindscape,1991-02-01,Action & Adventure,,
Conflict,,Vic Tokai,Vic Tokai,1990-03-01,Action & Adventure,,
Conquest of the Crystal Palace,,Quest,Asmik,1990-11-01,Action & Adventure,,
Contra,Contra (Japan).nes,Konami,Konami,1988-02-01,Action & Adventure,,"Take on the roles of Bill and Lance, two elite soldiers on a dangerous mission to infiltrate the enemy's base, annihilate the evil Red Falcon organization, and save the world from an alien invasion."
Contra Force,,Konami,Konami,1992-09-01,Action & Adventure,,
Cool World,,Ocean Software,Ocean Software,1993-06-01,Action & Adventure,,
Cowboy Kid,,Pixel,Romstar,1992-01-01,Action & Adventure,,
Crackout,,Konami,Palcom Software,1905-06-13,,,
Crash 'n the Boys: Street Challenge,,Technōs Japan,Technōs Japan,1992-10-01,Action & Adventure,,
Crystalis,,SNK,SNK,1990-07-01,Action & Adventure,,
Cyberball,,Richard Seaborne,Jaleco,1992-01-01,Sports,,
Cybernoid: The Fighting Machine,,Raffaele Cecco,Acclaim Entertainment,1989-12-01,Action & Adventure,,
Dance Aerobics,,Human Entertainment,Nintendo,1989-03-01,Other,,
Danny Sullivan's Indy Heat,,Rare,Tradewest,1992-08-01,Racing,,
Darkman,,Painting by Numbers,Ocean Software,1991-10-01,Action & Adventure,,
Darkwing Duck,,Capcom,Capcom,1992-06-01,Action & Adventure,,
Dash Galaxy in the Alien Asylum,,Beam Software,Data East,1990-02-01,Action & Adventure,,
Day Dreamin' Davey,,Sculptured Software,HAL America,1992-06-01,Action & Adventure,,
Days of Thunder,,Beam Software,Mindscape,1990-10-01,Racing,,
Deadly Towers,,Lenar / Tamtex,Brøderbund,1987-09-01,Action & Adventure,,
Defender II,,Vid Kidz,HAL America,1988-07-01,Action & Adventure,,
Defender of the Crown,,Beam Software,Ultra Games / Palcom Software,1989-07-01,Action & Adventure,,
Defenders of Dynatron City,,Lucasfilm Games,JVC Musical Industries,1992-07-01,Action & Adventure,,
Déjà Vu,,Kemco,Kemco*Seika / Kemco,1990-12-01,Action & Adventure,,
Demon Sword,,TOSE,Taito,1990-01-01,Action & Adventure,,
Desert Commander,,Kemco,Kemco*Seika,1989-06-01,Action & Adventure,,
Destination Earthstar,,Imagineering,Acclaim Entertainment,1990-02-01,Other,,
Destiny of an Emperor,,Capcom,Capcom,1990-09-01,Action & Adventure,,
Devil World,,Nintendo R&D1 / Intelligent Systems,Nintendo,1987-07-15,Action & Adventure,,
Dick Tracy,,Realtime Associates,Bandai,1990-08-01,Action & Adventure,,
Die Hard,,Pack-In-Video,Activision,1992-01-01,Action & Adventure,,
Dig Dug II,,Namco,Bandai,1989-12-01,Action & Adventure,,
Digger T. Rock: Legend of the Lost City,,Rare,Milton Bradley Company,1990-12-01,Action & Adventure,,
Dirty Harry,,Gray Matter Inc.,Mindscape,1990-12-01,Action & Adventure,,
Donkey Kong,,Nintendo R&D1 / Nintendo R&D2,Nintendo,1986-06-01,Action & Adventure,,
Donkey Kong 3,Donkey Kong 3 (World).nes,Nintendo R&D1 / Nintendo R&D2,Nintendo,1986-06-06,Action & Adventure,,"Control Stanley the Bugman, using his bug spray to fend off swarms of bees and chase Donkey Kong away, protecting the flowers in his greenhouse from the mischievous ape's antics."
Donkey Kong Classics,,Nintendo R&D4,Nintendo,1988-10-01,Action & Adventure,,
Donkey Kong Jr.,Donkey Kong Jr. (World) (Rev 1).nes,Nintendo R&D1 / Nintendo R&D2,Nintendo,1986-06-01,Action & Adventure,,"Take on the role of Donkey Kong Jr., bravely venturing through perilous levels and overcoming obstacles to rescue his captive father, Donkey Kong, from the clutches of the wicked Mario."
Donkey Kong Jr. Math,"Donkey Kong Jr. Math (USA, Europe).nes",Nintendo R&D2,Nintendo,1986-06-06,Other,,"Join Donkey Kong Jr. in solving math problems by climbing vines and jumping on platforms, combining education and fun in a unique adventure."
Double Dare,,Rare,GameTek,1990-04-01,Action & Adventure,,
Double Dragon,Double Dragon (USA).nes,Technōs Japan,Tradewest / Nintendo,1988-06-01,Action & Adventure,,"Control Billy and Jimmy Lee, two skilled martial artists, on a mission to rescue Billy's kidnapped girlfriend, Marian, from the ruthless gang leader, Willy, unleashing their powerful combat skills to defeat waves of enemies and restore peace to the city."
Double Dragon II: The Revenge,,Technōs Japan,Acclaim Entertainment,1990-01-01,Action & Adventure,,
Double Dragon III: The Sacred Stones,,Technōs Japan,Acclaim Entertainment,1991-02-01,Action & Adventure,,
Double Dribble,,Konami,Konami,1987-09-01,Basketball,,
Dr. Chaos,,Marionette / SRS,FCI,1988-11-01,Action & Adventure,,
Dr. Jekyll and Mr. Hyde,,Advance Communication Company,Bandai,1989-04-01,Action & Adventure,,
Dr. Mario,,Nintendo R&D1,Nintendo,1990-10-01,Puzzle,,
Dragon Fighter,,Natsume,SOFEL,1992-01-01,Action & Adventure,,
Dragon Power,,TOSE,Bandai,1988-03-01,Action & Adventure,,
Dragon Spirit: The New Legend,,Now Production,Bandai,1990-06-01,Action & Adventure,,
Dragon Warrior,,Chunsoft,Nintendo,1989-08-01,RPG,,
Dragon Warrior II,,Chunsoft,Enix,1990-09-01,RPG,,
Dragon Warrior III,,Chunsoft,Enix,1992-03-01,RPG,,
Dragon Warrior IV,,Chunsoft,Enix,1992-10-01,RPG,,
Dragon's Lair,,MotiveTime,CSG Imagesoft / Elite Systems,1990-12-01,Action & Adventure,,
Dropzone,,Eurocom,Mindscape,1992,Action & Adventure,,
Duck Hunt,Duck Hunt (World).nes,Nintendo R&D1 / Intelligent Systems,Nintendo,1985-10-18,Other,,"Go on a duck hunting adventure, aiming to shoot down flying ducks and showcase sharpshooting skills in a classic hunting challenge using the NES Zapper."
DuckTales,,Capcom,Capcom,1989-09-01,Action & Adventure,,
DuckTales 2,,Capcom,Capcom,1993-06-01,Action & Adventure,,
Dungeon Magic: Sword of the Elements,,Natsume,Taito,1990-07-01,RPG,,
Dusty Diamond's All-Star Softball,,TOSE,Brøderbund,1990-07-01,Baseball,,
Dynowarz: Destruction of Spondylus,,Advance Communication Company,Bandai,1990-04-01,Action & Adventure,,
Eggsplode!,,TOSE,Nintendo,1989-12-01,,,
Elevator Action,,Micronics,Taito,1987-08-01,Puzzle,,
Eliminator Boat Duel,,Sculptured Software,Electro Brain / Storm,1991-11-01,Racing,,
Elite,,David BrabenIan Bell,Imagineer,1991,Action & Adventure,,
Excitebike,,Nintendo R&D1 / Nintendo R&D4,Nintendo,1985-10-18,Racing,,
F-15 Strike Eagle,,MicroProse,MicroProse,1992-02-01,Action & Adventure,,
F-117A Stealth Fighter,,MicroProse,MicroProse,1992-12-01,Other,,
Family Feud,,Beam Software,GameTek,1991-05-01,Other,,
Faria: A World of Mystery and Danger,,Game Arts,Nexoft,1991-06-01,RPG,,
Faxanadu,,Hudson Soft,Nintendo,1989-08-01,Action & Adventure,,
Felix the Cat,,Shimada Kikaku,Hudson Soft,1992-10-01,Action & Adventure,,
Ferrari Grand Prix Challenge,,System 3,Acclaim Entertainment,1992-06-01,Racing,,
Fester's Quest,,Sunsoft,Sunsoft,1989-09-01,Action & Adventure,,
Final Fantasy,Final Fantasy (USA).nes,Square,Nintendo,1990-07-01,RPG,,"Embark on an epic quest with four heroes, journeying across vast lands, battling formidable monsters, and uncovering the mysteries behind the darkening crystals to save the world from impending doom."
Fire 'n Ice,,Tecmo,Tecmo,1993-03-01,Puzzle,,
Fisher-Price: Firehouse Rescue,,Imagineering,GameTek,1992-03-01,Action & Adventure,,
Fisher-Price: I Can Remember,,Beam Software,GameTek,1990-03-01,Other,,
Fisher-Price: Perfect Fit,,Beam Software,GameTek,1990-03-01,Other,,
Fist of the North Star,,Shouei System,Taxan,1989-04-01,,,
Flight of the Intruder,,Imagineering,Mindscape / Activision,1991-05-01,Action & Adventure,,
The Flintstones: Surprise at Dinosaur Peak,,Taito / Sol Corporation,Taito,1994-08-01,Action & Adventure,,
The Flintstones: The Rescue of Dino & Hoppy,,Taito / Sol Corporation,Taito,1991-12-01,Action & Adventure,,
Flying Dragon: The Secret Scroll,,Culture Brain,Culture Brain,1989-08-01,Action & Adventure,,
Flying Warriors,,Culture Brain,Culture Brain,1991-02-01,Action & Adventure,,
Formula 1 Sensation,,Konami,Palcom Software,1993,,,
Formula One: Built to Win,,Winkysoft,SETA,1990-11-01,Racing,,
Frankenstein: The Monster Returns,,TOSE,Bandai,1991-07-01,Action & Adventure,,
Freedom Force,,Sunsoft,Sunsoft,1988-04-01,Action & Adventure,,
Friday the 13th,,Atlus,LJN,1989-02-01,Action & Adventure,,
Fun House,,Realtime Associates,Hi Tech Expressions,1991-01-01,Action & Adventure,,
G.I. Joe: A Real American Hero,,KID,Taxan,1991-01-01,Action & Adventure,,
G.I. Joe: The Atlantis Factor,,KID,Capcom,1992-03-01,Action & Adventure,,
Galaga: Demons of Death,,Namco,Bandai,1988-09-01,Other,,
Galaxy 5000,,Activision,Activision,1991-02-01,Action & Adventure,,
Gargoyle's Quest II: The Demon Darkness,,Capcom,Capcom,1992-10-01,Action & Adventure,,
Gauntlet,,Tengen,Tengen,1988-07-01,Action & Adventure,,
Gauntlet II,,Eastridge Technology,Mindscape,1990-09-01,Action & Adventure,,
Gemfire,,Koei,Koei,1992-03-01,Strategy,,
Genghis Khan,,Koei,Koei,1990-01-01,Action & Adventure,,
George Foreman's KO Boxing,,Beam Software,Acclaim Entertainment,1992-12-01,Sports,,
Ghostbusters,,Bits Corporation,Activision,1988-10-01,Action & Adventure,,
Ghostbusters II,,Imagineering,Activision,1990-04-01,Action & Adventure,,
Ghosts 'n Goblins,,Micronics,Capcom,1986-11-01,Action & Adventure,,
Ghoul School,,Imagineering,Electro Brain,1992-03-01,Action & Adventure,,
Goal!,,TOSE,Jaleco,1989-10-01,Soccer,,
Goal! Two,,TOSE,Jaleco,1992-11-01,Soccer,,
Godzilla 2: War of the Monsters,,Toho,Toho,1992-02-01,Strategy,,
Godzilla: Monster of Monsters,,Compile,Toho,1989-10-01,Action & Adventure,,
Golf,Golf (USA).nes,Nintendo R&D2 / HAL Laboratory,Nintendo,1985-10-18,Sports,,"Hit the greens, aiming for precision and perfect shots to compete against the computer or friends in a classic and challenging golf tournament."
Golf Grand Slam,,TOSE,Atlus,1991-11-01,Sports,,
Golgo 13: Top Secret Episode,,Vic Tokai,Vic Tokai,1988-09-01,Action & Adventure,,
The Goonies,Goonies (Japan).nes,,,,,,
The Goonies II,The Goonies II (USA).nes,Konami,Konami,1987-11-01,Action & Adventure,,
Gotcha! The Sport!,,Atlus,LJN,1987-11-01,Action & Adventure,,
Gradius,,Konami,Konami,1986-12-01,Other,,
The Great Waldo Search,,Radiance,THQ,1992-12-01,Puzzle,,
Greg Norman's Golf Power,,Gremlin Interactive,Virgin Interactive,1992-07-01,Sports,,
Gremlins 2: The New Batch,,Sunsoft,Sunsoft,1990-10-01,Action & Adventure,,
The Guardian Legend,,Compile,Brøderbund / Nintendo,1989-04-01,Action & Adventure,,
Guerrilla War,,SNK,SNK,1989-06-01,Action & Adventure,,
Gumshoe,"Gumshoe (USA, Europe).nes",Nintendo R&D1,Nintendo,1986-08-01,Action & Adventure,,
Gun-Nac,Gun Nac (USA).nes,Compile,ASCII,1991-09-01,Action & Adventure,,
Gun.Smoke,,Capcom,Capcom,1988-02-23,Action & Adventure,,
Gyromite,Gyromite ~ Gyro (World).nes,Nintendo R&D1,Nintendo,1985-10-18,Action & Adventure,,
Gyruss,,Konami,Ultra Games,1989-02-01,Action & Adventure,,
Hammerin' Harry,,Tamtex,Irem,1992,Action & Adventure,,
Harlem Globetrotters,,Softie,GameTek,1991-03-01,Basketball,,
Hatris,,Bullet-Proof Software,Bullet-Proof Software,1992-04-01,Puzzle,,
Heavy Barrel,,Data East,Data East,1990-03-01,Action & Adventure,,
Heavy Shreddin',,Imagineering,Parker Brothers / Activision,1990-06-01,Action & Adventure,,
High Speed,,Rare,Tradewest,1991-07-01,Arcade,,
Hogan's Alley,Hogan's Alley (World).nes,Nintendo R&D1 / Intelligent Systems,Nintendo,1985-10-18,Other,,
Hollywood Squares,,Rare,GameTek,1989-09-01,Other,,
Home Alone,,Bethesda Softworks,THQ,1991-10-01,Action & Adventure,,
Home Alone 2: Lost in New York,,Imagineering,THQ,1992-10-01,Action & Adventure,,
Hook,,Painting by Numbers,Sony Imagesoft / Ocean Software,1992-04-01,Action & Adventure,,
Hoops,,Aicom,Jaleco,1989-06-01,Basketball,,
Hudson Hawk,,Special FX,Sony Imagesoft / Ocean Software,1992-02-01,Action & Adventure,,
The Hunt for Red October,,Beam Software,Hi Tech Expressions,1991-01-01,Action & Adventure,,
Hydlide,,T&E Soft,FCI,1989-06-01,Action & Adventure,,
Ice Climber,"Ice Climber (USA, Europe, Korea).nes",Nintendo R&D1,Nintendo,1985-10-18,Action & Adventure,,
Ice Hockey,,Nintendo R&D2 / Nintendo R&D4,Nintendo,1988-03-01,Sports,,
Ikari III: The Rescue,,SNK,SNK,1991-02-01,Action & Adventure,,
Ikari Warriors,,Micronics,SNK,1987-05-01,Action & Adventure,,
Ikari Warriors II: Victory Road,,Micronics,SNK,1988-04-01,Action & Adventure,,
Image Fight,,Lenar,Irem,1990-06-01,Fighting,,
The Immortal,,Sandcastle,Electronic Arts,1990-11-01,RPG,,
The Incredible Crash Dummies,,Software Creations,LJN,1993-10-21,Action & Adventure,,
Indiana Jones and the Last Crusade,,Software Creations,Taito,1991-03-01,Action & Adventure,,
Indiana Jones and the Last Crusade,,NMS Software,Ubi Soft,1993-12-01,Action & Adventure,,
Indiana Jones and the Temple of Doom,,Tengen,Mindscape,1988-12-01,Action & Adventure,,
Infiltrator,,Eastridge Technology,Mindscape,1990-01-01,Action & Adventure,,
International Cricket,,Beam Software,Laser Beam Entertainment,1992,,,
Iron Tank: The Invasion of Normandy,,SNK,SNK,1988-07-01,Action & Adventure,,
Ironsword: Wizards & Warriors II,,Zippo Games,Acclaim Entertainment,1989-12-01,RPG,,
Isolated Warrior,,KID,NTVIC / Nintendo,1991-02-01,Action & Adventure,,
Ivan 'Ironman' Stewart's Super Off Road,,Rare,Tradewest / Nintendo,1990-04-01,,,
Jack Nicklaus' Greatest 18 Holes of Major Championship Golf,,Sculptured Software,Konami,1990-03-01,Sports,,
Jackal,,Konami,Konami,1988-09-01,Action & Adventure,,
Jackie Chan's Action Kung Fu,,Now Production,Hudson Soft,1990-12-01,Action & Adventure,,
James Bond Jr.,,Eurocom,THQ,1992-11-01,Action & Adventure,,
Jaws,,Escape/Westone,LJN,1987-11-01,Action & Adventure,,
Jeopardy!,,Rare,GameTek,1988-09-01,Other,,
Jeopardy! 25th Anniversary Edition,,Rare,GameTek,1990-06-01,Other,,
Jeopardy! Junior Edition,,Rare,GameTek,1989-10-01,Other,,
The Jetsons: Cogswell's Caper!,,Natsume,Taito,1992-12-01,Action & Adventure,,
Jimmy Connors Tennis,,NMS Software,Ubi Soft,1993-11-01,Sports,,
Joe & Mac,,Elite Systems,Data East / Elite Systems,1992-12-01,Action & Adventure,,
John Elway's Quarterback,,Rare,Tradewest,1989-03-01,Football,,
Jordan vs. Bird: One on One,,Rare,Milton Bradley Company,1989-08-01,Basketball,,
Journey to Silius,,Sunsoft,Sunsoft,1990-09-01,Action & Adventure,,
Joust,,HAL Laboratory,HAL America,1988-10-01,Action & Adventure,,
Jurassic Park,,Ocean Software,Ocean Software,1993-06-01,Action & Adventure,,
Kabuki: Quantum Fighter,,Human Entertainment,HAL America / Nintendo,1991-01-01,Fighting,,
Karate Champ,,Data East / Sakata SAS,Data East,1986-12-01,Fighting,,
The Karate Kid,,Atlus,LJN,1987-11-01,Action & Adventure,,
Karnov,,Data East / Sakata SAS,Data East,1988-01-01,Action & Adventure,,
Kick Master,,KID,Taito,1992-01-01,Action & Adventure,,
Kick Off,,Enigma Variations,Imagineer,1992-07-22,,,
Kickle Cubicle,,Irem,Irem / Nintendo,1990-09-01,,,
Kid Icarus,"Kid Icarus (USA, Europe).nes",Nintendo R&D1 / TOSE,Nintendo,1987-02-15,Action & Adventure,,
Kid Klown in Night Mayor World,,Kemco,Kemco,1993-04-01,Action & Adventure,,
Kid Kool,,Vic Tokai,Vic Tokai,1990-03-01,Action & Adventure,,
Kid Niki: Radical Ninja,,TOSE,Data East,1987-11-01,Action & Adventure,,
King's Knight,,Square / Workss,Square,1989-09-01,Strategy,,
King's Quest V: Absence Makes the Heart Go Yonder!,,Novotrade International,Konami,1992-06-01,,,
Kings of the Beach,,Konami,Ultra Games,1990-01-01,Sports,,
Kirby's Adventure,,HAL Laboratory,Nintendo,1993-05-01,Action & Adventure,,
Kiwi Kraze,,Software Creations,Taito / Ocean Software,1991-03-01,Action & Adventure,,
KlashBall,,The Bitmap Brothers,SOFEL,1991-07-01,Sports,,
Knight Rider,,Pack-In-Video,Acclaim Entertainment,1989-12-01,Racing,,
Konami Hyper Soccer,,Konami,Konami,1992,,,
The Krion Conquest,,Vic Tokai,Vic Tokai,1991-01-01,Action & Adventure,,
Krusty's Fun House,,Audiogenic,Acclaim Entertainment,1992-09-01,Puzzle,,
Kung Fu,"Kung Fu (Japan, USA).nes",Nintendo,Nintendo,1985-10-18,Fighting,,
Kung-Fu Heroes,,Culture Brain,Culture Brain,1989-03-01,Fighting,,
L'Empereur,,Koei,Koei,1991-11-01,Strategy,,
Laser Invasion,,Konami,Konami,1991-06-01,Action & Adventure,,
Last Action Hero,,Teeny Weeny Games,Sony Imagesoft,1993-10-01,Action & Adventure,,
The Last Ninja,,Beam Software,Jaleco,1991-02-01,Action & Adventure,,
The Last Starfighter,,Eastridge Technology,Mindscape,1990-06-01,Action & Adventure,,
Lee Trevino's Fighting Golf,,SNK,SNK,1988-09-01,Sports,,
Legacy of the Wizard,,Nihon Falcom,Brøderbund,1989-04-01,RPG,,
The Legend of Kage,"Legend of Kage, The (USA).nes",Taito,Taito,1987-08-01,Action & Adventure,,
The Legend of Prince Valiant,,Special FX Software,Ocean Software,1992,,,
Legend of the Ghost Lion,,Kemco,Kemco,1992-10-01,,,
The Legend of Zelda,"Legend of Zelda, The (USA).nes",Nintendo R&D4,Nintendo,1987-07-01,Strategy,,
Legendary Wings,,Capcom,Capcom,1988-07-01,Other,,
Legends of the Diamond,,TOSE,Bandai,1992-01-01,Baseball,,
Lemmings,,Ocean Software,Sunsoft,1992-11-01,Puzzle,,
Les Chevaliers du Zodiaque: La Légende d'or,,TOSE,Bandai,1905-06-09,,,
Lethal Weapon,,Eurocom,Ocean Software,1993-04-01,Action & Adventure,,
Life Force,,Konami,Konami,1988-08-01,Action & Adventure,,
Little League Baseball: Championship Series,,SNK,SNK,1990-07-01,Baseball,,
Little Nemo: The Dream Master,,Capcom,Capcom / Nintendo,1990-09-01,Action & Adventure,,
Little Ninja Brothers,,Culture Brain,Culture Brain,1991-02-01,Action & Adventure,,
Little Samson,,Takeru,Taito,1992-11-01,Action & Adventure,,
Lode Runner,,Hudson Soft,Brøderbund,1987-09-01,Action & Adventure,,
The Lone Ranger,,Konami,Konami,1991-08-01,Action & Adventure,,
Loopz,,Audiogenic / Bits Studios,Mindscape,1990-10-01,Puzzle,,
Low G Man: The Low Gravity Man,,KID,Taxan / Nintendo,1990-09-01,Action & Adventure,,
Lunar Pool,,Compile,FCI / FCI,1987-10-01,Sports,,
M.C. Kids,,Virgin Interactive,Virgin Interactive / Ocean Software,1992-02-01,,,
M.U.L.E.,,Eastridge Technology,Mindscape,1990-09-01,,,
M.U.S.C.L.E.,,TOSE,Bandai,1986-10-29,,,
Mach Rider,"Mach Rider (Japan, USA).nes",HAL Laboratory,Nintendo,1986-08-01,Racing,,
Mad Max,,Eastridge Technology,Mindscape,1990-07-01,Action & Adventure,,
The Mafat Conspiracy: Golgo 13,,Aicom,Vic Tokai,1990-06-01,Action & Adventure,,
Magic Darts,,SETA,Romstar,1991-09-01,Sports,,
Magic Johnson's Fast Break,,Software Creations,Tradewest,1990-03-01,,,
The Magic of Scheherazade,,Culture Brain,Culture Brain,1990-01-01,Action & Adventure,,
Magician,,Eurocom,Taxan,1991-03-01,Action & Adventure,,
MagMax,,Nihon Bussan,FCI,1988-10-01,Action & Adventure,,
Mah Jong,,Nintendo,Unreleased,1899-12-30,,,
Major League Baseball,,Atlus,LJN,1988-04-01,Baseball,,
Maniac Mansion,,LucasArts / Realtime Associates,Jaleco,1990-09-01,Action & Adventure,,
Mappy-Land,,TOSE,Taxan,1989-04-01,Action & Adventure,,
Marble Madness,,Rare,Milton Bradley Company,1989-03-01,Puzzle,,
Mario Bros.,Mario Bros. (World).nes,Nintendo R&D1 / Nintendo R&D2 / Intelligent Systems,Nintendo,1986-06-01,Action & Adventure,,
Mario Bros. (Classic Series),,Nintendo R&D1,Nintendo,1993,,,
Mario Is Missing!,,Radical Entertainment,Software Toolworks / Mindscape,1993-07-01,Action & Adventure,,
Mario's Time Machine,,Radical Entertainment,Software Toolworks,1994-06-01,Action & Adventure,,
Master Chu and the Drunkard Hu,,,,,Action & Adventure,,
Mechanized Attack,,SNK,SNK,1990-06-01,Action & Adventure,,
Mega Man,Mega Man (USA).nes,Capcom,Capcom,1987-12-01,Action & Adventure,,
Mega Man 2,Mega Man 2 (USA).nes,Capcom,Capcom,1989-06-01,Action & Adventure,,
Mega Man 3,Mega Man 3 (USA).nes,Capcom,Capcom / Nintendo,1990-11-01,Action & Adventure,,
Mega Man 4,Mega Man 4 (USA).nes,Capcom,Capcom / Nintendo,1992-01-01,Action & Adventure,,
Mega Man 5,Mega Man 5 (USA).nes,Capcom,Capcom / Nintendo,1992-12-01,Action & Adventure,,
Mega Man 6,Mega Man 6 (USA).nes,Capcom,Nintendo,1994-03-01,Action & Adventure,,
Mendel Palace,,Game Freak,Hudson Soft,1990-10-01,Action & Adventure,,
Metal Gear,Metal Gear (USA).nes,Konami,Ultra Games / Konami,1988-06-01,Action & Adventure,,
Metal Mech: Man & Machine,,Sculptured Software,Jaleco,1991-03-01,Action & Adventure,,
Metal Storm,,Tamtex,Irem,1991-02-01,Action & Adventure,,
Metroid,Metroid (USA).nes,Nintendo R&D1/ Intelligent Systems,Nintendo,1987-08-15,Action & Adventure,,
Michael Andretti's World GP,,Human Entertainment,American Sammy,1990-06-01,Racing,,
Mickey Mousecapade,,Hudson Soft,Capcom,1988-10-01,Action & Adventure,,
Mickey's Adventures in Numberland,,Beam Software,Hi Tech Expressions,1994-03-01,Action & Adventure,,
Mickey's Safari in Letterland,,Beam Software,Hi Tech Expressions,1993-03-01,Action & Adventure,,
Might and Magic Book One: The Secret of the Inner Sanctum,,New World Computing,American Sammy,1992-08-01,Strategy,,
Mighty Bomb Jack,,Tecmo,Tecmo,1987-07-01,Action & Adventure,,
Mighty Final Fight,,Capcom,Capcom,1993-07-01,Action & Adventure,,
Mike Tyson's Punch-Out!!,"Mike Tyson's Punch-Out!! (Japan, USA).nes",Nintendo R&D3,Nintendo,1987-10-18,Sports,,
Millipede,,HAL Laboratory,HAL America,1988-10-01,Arcade,,
Milon's Secret Castle,,Hudson Soft,Hudson Soft,1988-09-01,Action & Adventure,,
The Miracle Piano Teaching System,,Software Toolworks,Software Toolworks / Mindscape,1990,Other,,
Mission: Impossible,,Konami,Ultra Games / Palcom Software,1990-09-01,Action & Adventure,,
Monopoly,,Sculptured Software,Parker Brothers,1991-05-01,Strategy,,
Monster in My Pocket,,Konami,Konami / Palcom Software,1992-01-01,Action & Adventure,,
Monster Party,,Human Entertainment,Bandai,1989-06-01,Action & Adventure,,
Monster Truck Rally,,Realtime Associates,INTV,1991-09-01,Racing,,
Motor City Patrol,,Source Research & Development,Matchbox,1992-01-01,Action & Adventure,,
Mr. Gimmick,,Sunsoft,Sunsoft,1993-05-19,Action & Adventure,,
Ms. Pac-Man,,Now Production,Namco,1993-11-01,Action & Adventure,,
Muppet Adventure: Chaos at the Carnival,,Mind's Eye,Hi Tech Expressions,1990-11-01,Action & Adventure,,
The Mutant Virus: Crisis in a Computer World,,Rocket Science Productions,American Softworks,1992-04-01,Action & Adventure,,
Mystery Quest,,Carry Lab,Taxan,1989-04-01,Action & Adventure,,
NARC,,Rare,Acclaim Entertainment,1990-08-01,Action & Adventure,,
NES Open Tournament Golf,,Nintendo R&D2,Nintendo,1991-09-29,Sports,,
NES Play Action Football,,TOSE,Nintendo,1990-09-01,Football,,
New Ghostbusters II,,HAL Laboratory,HAL Laboratory,1990,,,
NFL Football,,Atlus,LJN,1989-09-01,Football,,
Nigel Mansell's World Championship Racing,,Gremlin Graphics,GameTek / Gremlin Interactive,1993-10-01,Racing,,
Nightshade,,Beam Software,Ultra Games,1992-01-01,Action & Adventure,,
Ninja Crusaders,,NMK,American Sammy,1990-12-01,Action & Adventure,,
Ninja Gaiden,,Tecmo,Tecmo,1989-03-01,Action & Adventure,,
Ninja Gaiden II: The Dark Sword of Chaos,,Tecmo,Tecmo,1990-05-01,Action & Adventure,,
Ninja Gaiden III: The Ancient Ship of Doom,,Tecmo,Tecmo,1991-08-01,Action & Adventure,,
Ninja Kid,,TOSE,Bandai,1986-10-01,Action & Adventure,,
Nintendo World Cup,,Technōs Japan,Nintendo,1990-12-01,Soccer,,
Noah's Ark,,Source Research & Development,Konami,1992,,,
Nobunaga's Ambition,,Koei,Koei,1989-06-01,Strategy,,
Nobunaga's Ambition II,,Koei,Koei,1991-04-01,Strategy,,
North & South,,Kemco,Kemco*Seika / Infogrames,1990-12-01,Action & Adventure,,
Operation Wolf,,Taito,Taito,1989-05-01,Action & Adventure,,
Orb-3D,,Software Toolworks,Hi Tech Expressions,1990-10-01,Action & Adventure,,
Othello,,HAL Laboratory,Acclaim Entertainment,1988-12-01,Puzzle,,
Over Horizon,,Pixel / Hot-B,Takara,1991,,,
Overlord,,Probe Software,Virgin Interactive,1993-01-01,Strategy,,
P.O.W.: Prisoners of War,,SNK,SNK,1989-09-01,Action & Adventure,,
Pac-Man,,Namco,Namco / Nintendo,1993-11-01,Action & Adventure,,
Pac-Man,,Namco,Tengen,1988-10-01,Arcade,,
Palamedes,,Natsume,Hot-B,1990-11-01,Other,,
Panic Restaurant,,EIM,Taito,1992-08-01,Action & Adventure,,
Paperboy,,Eastridge Technology,Mindscape,1988-12-01,Racing,,
Paperboy 2,,Eastridge Technology,Mindscape,1992-04-01,Action & Adventure,,
Parasol Stars: Rainbow Island II,,Ocean Software,Ocean Software,1992,,,
Parodius,,Konami,Palcom Software,1992,,,
Peter Pan and the Pirates,,Equilibrium,THQ,1991-01-01,Action & Adventure,,
Phantom Fighter,,Marionette / SRS,FCI,1990-04-01,Other,,
Pictionary,,Software Creations,LJN,1990-07-01,Other,,
Pin*Bot,,Rare,Nintendo,1990-04-01,Action & Adventure,,
Pinball,"Pinball (Japan, USA).nes",Nintendo R&D1 / HAL Laboratory,Nintendo,1985-10-18,Arcade,,
Pinball Quest,,TOSE,Jaleco,1990-06-01,Arcade,,
Pipe Dream,,Distinctive Software,Bullet-Proof Software,1990-09-01,Puzzle,,
Pirates!,,Rare,Ultra Games / Palcom Software,1991-10-01,Action & Adventure,,
Platoon,,Sunsoft,Sunsoft,1988-12-01,Action & Adventure,,
Popeye,Popeye (Japan).nes,Nintendo R&D1,Nintendo,1986-06-01,Action & Adventure,,
Power Blade,,Natsume,Taito,1991-03-01,Action & Adventure,,
Power Blade 2,,Natsume,Taito,1992-10-01,Action & Adventure,,
Power Punch II,,Beam Software,American Softworks,1992-06-01,Fighting,,
Predator,,Pack-In-Video,Activision,1989-04-01,Action & Adventure,,
Prince of Persia,,MotiveTime,Virgin Interactive / Mindscape,1992-11-01,Action & Adventure,,
Princess Tomato in the Salad Kingdom,,Hudson Soft,Hudson Soft,1991-02-01,Action & Adventure,,
Pro Sport Hockey,,TOSE,Jaleco,1993-11-01,Sports,,
Pro Wrestling,Pro Wrestling (USA).nes,Nintendo R&D3,Nintendo,1987-03-01,Wrestling,,
Punch-Out!! Featuring Mr. Dream,,Nintendo R&D3,Nintendo,1990-08-01,Sports,,
The Punisher,,Beam Software,LJN,1991-01-01,Action & Adventure,,
Puss 'n Boots: Pero's Great Adventure,,Shouei System,Electro Brain,1990-06-01,Action & Adventure,,
Puzznic,,Taito,Taito,1990-11-01,Puzzle,,
Q*bert,,Konami,Ultra Games,1989-02-01,Arcade,,
Qix,,Novotrade International,Taito,1991-01-01,Puzzle,,
R.B.I. Baseball,,Tengen,Tengen,1988-06-01,Baseball,,
R.C. Pro-Am,,Rare,Nintendo,1988-02-01,Racing,,
R.C. Pro-Am II,,Rare,Tradewest,1992-12-01,Racing,,
Racket Attack,,TOSE,Jaleco,1988-10-01,Sports,,
Rackets & Rivals,,Konami,Palcom Software,1993,,,
Rad Racer,,Square,Nintendo,1987-10-01,Racing,,
Rad Racer II,,Square,Square,1990-06-01,Racing,,
Raid on Bungeling Bay,,Hudson Soft,Brøderbund,1987-09-01,Action & Adventure,,
Rainbow Islands,,Taito,Taito,1991-06-01,Action & Adventure,,
Rainbow Islands: Bubble Bobble 2,,Ocean Software,Ocean Software,1991,,,
Rally Bike,,Toaplan,Romstar,1990-09-01,Racing,,
Rambo,,Pack-In-Video,Acclaim Entertainment,1988-05-01,Action & Adventure,,
Rampage,,Data East,Data East,1988-12-01,Action & Adventure,,
Rampart,,Bitmasters,Jaleco,1992-01-01,Racing,,
Remote Control,,Riedel Software Productions,Hi Tech Expressions,1990-05-01,Action & Adventure,,
The Ren & Stimpy Show: Buckeroo$!,,Imagineering,THQ,1993-11-01,Action & Adventure,,
Renegade,,Technōs Japan,Taito,1988-01-01,Action & Adventure,,
Rescue: The Embassy Mission,,Kemco,Kemco*Seika / Kemco,1990-01-01,Action & Adventure,,
Ring King,,Jastec / Neue Design,Data East,1987-09-01,Action & Adventure,,
River City Ransom,,Technōs Japan,Technōs Japan / Infogrames,1990-01-01,Action & Adventure,,
Road Fighter,,Konami,Palcom Software,1992,Racing,,
RoadBlasters,,Beam Software,Mindscape,1990-01-01,Action & Adventure,,
Robin Hood: Prince of Thieves,,Sculptured Software,Virgin Interactive / Mindscape,1991-11-01,Action & Adventure,,
RoboCop,,Data East / Sakata SAS,Data East / Ocean Software,1989-12-01,Action & Adventure,,
RoboCop 2,,Painting by Numbers,Data East / Ocean Software,1991-04-01,Action & Adventure,,
RoboCop 3,,Probe Software,Ocean Software,1992-08-01,Action & Adventure,,
Robowarrior,,Hudson Soft / Aicom,Jaleco,1988-12-01,Action & Adventure,,
Rock 'n' Ball,,KID,NTVIC,1990-01-01,Action & Adventure,,
Rocket Ranger,,Beam Software,Kemco*Seika,1990-06-01,Action & Adventure,,
The Rocketeer,,Ironwind Software,Bandai,1991-05-01,Action & Adventure,,
Rockin' Kats,,Atlus,Atlus / Atlus,1991-09-01,Action & Adventure,,
Rod Land,,The Sales Curve,Storm,1993,Action & Adventure,,
Roger Clemens' MVP Baseball,,Sculptured Software,LJN,1991-10-01,Baseball,,
Rollerball,,HAL Laboratory,HAL America / HAL Laboratory,1990-02-01,Action & Adventure,,
Rollerblade Racer,,Radiance,Hi Tech Expressions,1993-02-01,Sports,,
RollerGames,,Konami,Ultra Games / Konami,1990-09-01,Sports,,
Romance of the Three Kingdoms,,Koei,Koei,1989-10-01,Strategy,,
Romance of the Three Kingdoms II,,Koei,Koei,1991-09-01,Strategy,,
Roundball: 2 on 2 Challenge,,Park Place Productions,Mindscape,1992-05-01,Basketball,,
Rush'n Attack,,Konami,Konami,1987-04-01,Action & Adventure,,
Rygar,,Tecmo,Tecmo,1987-07-01,Action & Adventure,,
S.C.A.T.: Special Cybernetic Attack Team,,Natsume,Natsume / Infogrames,1991-06-01,Action & Adventure,,
Section Z,,Capcom,Capcom,1987-07-01,Action & Adventure,,
Seicross,,Nichibutsu,FCI,1988-10-01,Action & Adventure,,
Sesame Street: 1-2-3,,Zippo Games,Hi Tech Expressions,1989-01-01,Other,,
Sesame Street: A-B-C,,Zippo Games,Hi Tech Expressions,1989-09-01,Other,,
Sesame Street: A-B-C/1-2-3,,Zippo Games,Hi Tech Expressions,1991-11-01,Other,,
Sesame Street: Big Bird's Hide & Speak,,Riedel Software Productions,Hi Tech Expressions,1990-10-01,Other,,
Sesame Street: Countdown,,Riedel Software Productions,Hi Tech Expressions,1992-02-01,Other,,
Shadow of the Ninja,,Natsume,Natsume / Taito,1990-12-01,Action & Adventure,,
Shadowgate,,Kemco,Kemco*Seika / Kemco,1989-12-01,Action & Adventure,,
Shatterhand,,Natsume,Jaleco,1991-12-01,Action & Adventure,,
Shingen the Ruler,,Another,Hot-B,1990-06-01,Action & Adventure,,
Shooting Range,,TOSE,Bandai,1989-06-01,Other,,
Short Order,,TOSE,Nintendo,1989-12-01,Action & Adventure,,
Side Pocket,,Data East,Data East,1987-11-30,Sports,,
Silent Service,,Rare,Ultra Games / Konami,1989-12-01,Action & Adventure,,
Silkworm,,Sammy Japan,American Sammy,1990-06-01,Action & Adventure,,
Silver Surfer,,Software Creations,Arcadia Systems,1990-11-01,Action & Adventure,,
The Simpsons: Bart vs. the Space Mutants,,Imagineering,Acclaim Entertainment,1991-02-01,Action & Adventure,,
The Simpsons: Bart vs. the World,The Simpsons - Bart vs. the World (USA).nes,Imagineering,Acclaim Entertainment,1991-12-01,Action & Adventure,,
The Simpsons: Bartman Meets Radioactive Man,,Imagineering,Acclaim Entertainment,1992-12-01,Action & Adventure,,
Skate or Die 2: The Search for Double Trouble,,Electronic Arts,Electronic Arts,1990-09-01,Extreme Sports,,
Skate or Die!,,Konami,Ultra Games / Palcom Software,1988-12-01,Extreme Sports,,
Ski or Die,,Konami,Ultra Games / Palcom Software,1991-02-01,Extreme Sports,,
Sky Kid,,Namco,Sunsoft,1987-09-01,Action & Adventure,,
Sky Shark,,Software Creations,Taito,1989-09-01,Action & Adventure,,
Slalom,Slalom (USA).nes,Rare,Nintendo,1987-03-01,Sports,,
Smash TV,,Beam Software,Acclaim Entertainment,1991-09-01,Action & Adventure,,
The Smurfs,,Bit Managers,Infogrames,1994,,,
Snake Rattle 'n' Roll,,Rare,Nintendo,1990-07-01,Action & Adventure,,
Snake's Revenge,,Konami,Ultra Games / Konami,1990-04-01,Action & Adventure,,
Snoopy's Silly Sports Spectacular,,Kemco,Kemco*Seika,1990-04-01,Sports,,
Snow Brothers,,Soft House,Capcom,1991-11-01,Puzzle,,
Soccer,,Intelligent Systems,Nintendo,1985-10-18,Soccer,,
Solar Jetman: Hunt for the Golden Warpship,,Zippo Games,Tradewest / Nintendo,1990-09-01,Action & Adventure,,
Solomon's Key,,Tecmo,Tecmo,1987-07-01,Action & Adventure,,
Solstice: The Quest for the Staff of Demnos,,Software Creations,CSG Imagesoft / Nintendo,1990-06-01,Puzzle,,
Space Shuttle Project,,Imagineering,Absolute Entertainment,1991-11-01,Other,,
Spelunker,,Tamtex / TOSE,Brøderbund,1987-09-01,Action & Adventure,,
Spider-Man: Return of the Sinister Six,,Bits Studios,LJN,1992-10-01,Action & Adventure,,
Spot: The Video Game,,Virgin Mastertronic,Arcadia Systems,1990-09-01,Strategy,,
Spy Hunter,,Sunsoft,Sunsoft,1987-09-01,Action & Adventure,,
Spy vs. Spy,,Kemco,Kemco*Seika / Kemco,1988-10-01,Action & Adventure,,
Sqoon,,Home Data,Irem,1987-09-01,Action & Adventure,,
Stack-Up,,Nintendo R&D1,Nintendo,1985-10-18,Other,,
Stadium Events,,Human Entertainment,Bandai,1987-09-01,,,
Stanley: The Search for Dr. Livingston,,Sculptured Software,Electro Brain,1992-10-01,Action & Adventure,,
Star Force,,Hudson Soft,Tecmo,1987-11-01,Action & Adventure,,
Star Soldier,,Hudson Soft,Taxan,1989-01-01,Other,,
Star Trek: 25th Anniversary,,Interplay Entertainment,Ultra Games / Palcom Software,1992-02-01,Action & Adventure,,
Star Trek: The Next Generation,,Imagineering,Absolute Entertainment,1993-09-01,Action & Adventure,,
Star Voyager,,ASCII,Acclaim Entertainment,1987-09-01,Action & Adventure,,
Star Wars,Star Wars (USA).nes,Lucasfilm Games / Beam Software,JVC Musical Industries,1991-11-01,Action & Adventure,,
Star Wars: The Empire Strikes Back,Star Wars - The Empire Strikes Back (USA).nes,Lucasfilm Games / Sculptured Software,JVC Musical Industries,1992-03-01,Action & Adventure,,
Starship Hector,,Hudson Soft,Hudson Soft,1990-06-01,,,
StarTropics,,Nintendo R&D3 / Locomotive Corporation,Nintendo,1990-12-01,Strategy,,
Stealth ATF,,Imagineering,Activision / Nintendo,1989-10-01,Other,,
Stinger,,Konami,Konami,1987-09-01,Action & Adventure,,
Street Cop,,Human Entertainment,Bandai,1989-06-01,Action & Adventure,,
Street Fighter 2010: The Final Fight,,Capcom,Capcom,1990-09-01,Fighting,,
Strider,,Capcom,Capcom,1989-07-01,Action & Adventure,,
Super C,Super C (USA).nes,Konami,Konami,1990-04-01,Other,1-2,
Super Cars,,Magnetic Fields,Electro Brain,1991-02-01,Racing,,
Super Dodge Ball,,Technōs Japan,CSG Imagesoft,1989-06-01,Sports,,
Super Glove Ball,,Rare,Mattel,1990-10-01,Sports,,
Super Jeopardy!,,Imagitec,GameTek,1991-09-01,,,
Super Mario Bros.,Super Mario Bros. (World).nes,Nintendo R&D4,Nintendo,1985-10-18,Action & Adventure,1-2,"Super Mario Bros is a platform game in which the player controls Mario, a plumber who must rescue Princess Toadstool from the clutches of the evil Bowser, the king of the Koopas, by traversing eight worlds filled with enemies, obstacles, and power-ups"
Super Mario Bros. 2,Super Mario Bros. 2 (USA).nes,Nintendo R&D4,Nintendo,1988-10-01,Action & Adventure,1,
Super Mario Bros. 3,Super Mario Bros. 3 (USA).nes,Nintendo R&D4,Nintendo,1990-02-01,Action & Adventure,1,
Super Pitfall,,Micronics,Activision,1987-11-01,Action & Adventure,,
Super Spike V'Ball,,Technōs Japan,Nintendo,1990-02-01,Sports,,
Super Spy Hunter,,Sunsoft,Sunsoft,1992-02-01,Racing,,
Super Team Games,,Human Entertainment,Nintendo,1988-11-01,Sports,,
Super Turrican,,Manfred Trenz,Imagineer,1992,,,
Superman,,Kemco,Kemco*Seika,1988-12-01,,,
Swamp Thing,,Imagineering,THQ,1992-12-01,Action & Adventure,,
Sword Master,,Athena,Activision,1992-01-01,Action & Adventure,,
Swords and Serpents,,Interplay Entertainment,Acclaim Entertainment,1990-08-01,Action & Adventure,,
Taboo: The Sixth Sense,,Rare,Tradewest,1989-04-01,Action & Adventure,,
Tag Team Wrestling,,Data East / Sakata SAS,Data East,1986-10-01,Wrestling,,
TaleSpin,,Capcom,Capcom,1991-12-01,Action & Adventure,,
Target: Renegade,,Software Creations,Taito,1990-03-01,Action & Adventure,,
Tecmo Baseball,,Tecmo,Tecmo,1989-01-01,Baseball,,
Tecmo Bowl,,Tecmo,Tecmo,1989-02-01,Football,,
Tecmo Cup Soccer Game,,Tecmo,Tecmo,1992-09-01,Soccer,,
Tecmo NBA Basketball,,Sculptured Software,Tecmo,1992-11-01,Basketball,,
Tecmo Super Bowl,,Tecmo,Tecmo,1991-12-01,Football,,
Tecmo World Cup Soccer,,Tecmo,Tecmo,1991,,,
Tecmo World Wrestling,,Tecmo,Tecmo,1990-04-01,Wrestling,,
Teenage Mutant Ninja Turtles,,Konami,Ultra Games / Palcom Software,1989-06-01,Action & Adventure,,
Teenage Mutant Ninja Turtles II: The Arcade Game,,Konami,Ultra Games / Konami,1990-12-01,Action & Adventure,,
Teenage Mutant Ninja Turtles III: The Manhattan Project,,Konami,Konami,1992-02-01,Action & Adventure,,
Teenage Mutant Ninja Turtles: Tournament Fighters,,Konami,Konami,1994-02-01,Fighting,,
Tennis,"Tennis (Japan, USA).nes",Nintendo R&D1 / Intelligent Systems,Nintendo,1985-10-18,Sports,,
The Terminator,,Radical Entertainment,Mindscape,1992-12-01,Action & Adventure,,
Terminator 2: Judgment Day,,Software Creations,LJN,1992-02-01,Action & Adventure,,
Terra Cresta,,Nihon Bussan,Vic Tokai,1990-03-01,Action & Adventure,,
Tetris,,Nintendo R&D1,Nintendo,1989-11-01,Puzzle,,
Tetris 2,,TOSE,Nintendo,1993-10-01,Puzzle,,
The Chessmaster,,Software Toolworks,Hi Tech Expressions / Nintendo,1990-01-01,,,
The Jungle Book,,Eurocom / Virgin Interactive,Virgin Interactive,1994-08-01,Action & Adventure,,
The Lion King,,Dark Technologies,Virgin Interactive,1995-05-25,,,
The Little Mermaid,,Capcom,Capcom,1991-07-01,,,
The Three Stooges,,Beam Software,Activision,1989-10-01,Action & Adventure,,
Thunder & Lightning,,Visco Corporation,Romstar,1990-12-01,Action & Adventure,,
Thunderbirds,,Pack-In-Video,Activision,1990-09-01,Action & Adventure,,
Thundercade,,Micronics,American Sammy,1989-07-01,Action & Adventure,,
Tiger-Heli,,Micronics,Acclaim Entertainment,1987-09-01,Other,,
Time Lord,,Rare,Milton Bradley Company,1990-09-01,Action & Adventure,,
Times of Lore,,Toho,Toho,1991-05-01,RPG,,
Tiny Toon Adventures,,Konami,Konami,1991-12-01,Action & Adventure,,
Tiny Toon Adventures 2: Trouble in Wackyland,,Konami,Konami,1993-04-01,Action & Adventure,,
Tiny Toon Adventures Cartoon Workshop,,Novotrade International,Konami,1992-12-01,Action & Adventure,,
To the Earth,,Cirque Verte,Nintendo,1989-11-01,Action & Adventure,,
Toki,,Daiei Seisakusho,Taito,1991-12-01,Action & Adventure,,
Tom and Jerry,,Software Creations,Hi Tech Expressions,1991-12-01,Action & Adventure,,
Tombs & Treasure,,Compile,Infocom,1991-06-01,Action & Adventure,,
Top Gun,,Konami,Konami,1987-11-01,Action & Adventure,,
Top Gun: The Second Mission,,Konami,Konami,1990-01-01,Other,,
Top Players' Tennis,,Home Data,Asmik / Nintendo,1990-01-01,Sports,,
Total Recall,,Interplay Entertainment,Acclaim Entertainment,1990-08-01,Racing,,
Totally Rad,,Aicom,Jaleco,1991-03-01,Action & Adventure,,
Touch Down Fever,,SNK,SNK,1991-02-01,Football,,
Town & Country II: Thrilla's Surfari,,Sculptured Software,LJN,1992-03-01,Action & Adventure,,
Town & Country Surf Designs: Wood & Water Rage,,Atlus,LJN,1988-02-01,Sports,,
Toxic Crusaders,,TOSE,Bandai,1992-04-01,Action & Adventure,,
Track & Field,,Konami,Konami / Kemco,1987-04-01,Sports,,
Track & Field II,,Konami,Konami,1989-02-01,Sports,,
Treasure Master,,Software Creations,American Softworks,1991-12-01,Action & Adventure,,
Trog!,,Visual Concepts,Acclaim Entertainment,1991-01-01,Action & Adventure,,
Trojan,,Capcom,Capcom,1987-02-01,Action & Adventure,,
The Trolls in Crazyland,,KID,American Softworks,1905-06-15,Action & Adventure,,
Twin Cobra,,Micronics,American Sammy,1990-01-01,Action & Adventure,,
Twin Eagle,,SETA,Romstar,1989-10-01,Action & Adventure,,
Ufouria: The Saga,,Sunsoft,Sunsoft,1992-11-19,Action & Adventure,,
Ultima III: Exodus,,Newtopia Planning,FCI,1989-02-01,RPG,,
Ultima IV: Quest of the Avatar,,Atelier Double / Infinity,FCI,1990-12-01,RPG,,
Ultima V: Warriors of Destiny,,Origin Systems,FCI,1993-01-01,RPG,,
Ultimate Air Combat,,Activision,Activision,1992-04-01,Action & Adventure,,
Ultimate Basketball,,Aicom,American Sammy,1990-09-01,Basketball,,
The Uncanny X-Men,,Pixel,LJN,1989-12-01,Action & Adventure,,
Uncharted Waters,,Koei,Koei,1991-11-01,Strategy,,
Uninvited,,Kemco,Kemco*Seika,1991-06-01,Action & Adventure,,
The Untouchables,,Special FX Software,Ocean Software,1991-01-01,Action & Adventure,,
Urban Champion,Urban Champion (World).nes,Nintendo R&D1,Nintendo,1986-08-01,Action & Adventure,,
Vegas Dream,,HAL Laboratory,HAL America,1990-03-01,Other,,
Vice: Project Doom,,Aicom,American Sammy,1991-11-01,Action & Adventure,,
Videomation,,FarSight Studios,THQ,1991-06-01,Other,,
Volleyball,"Volleyball (USA, Europe).nes",Pax Softnica,Nintendo,1987-03-01,Sports,,
Wacky Races,,Atlus,Atlus,1992-05-01,Racing,,
Wall Street Kid,,SOFEL,SOFEL,1990-06-01,Strategy,,
Wario's Woods,,Nintendo R&D1,Nintendo,1994-12-10,Puzzle,,
Wayne Gretzky Hockey,,Bethesda Softworks,THQ,1991-01-01,Sports,,
Wayne's World,,Radical Entertainment,THQ,1993-11-01,Action & Adventure,,
WCW Wrestling,,Nichibutsu,FCI,1990-04-01,Wrestling,,
Werewolf: The Last Warrior,,Data East / Sakata SAS,Data East,1990-11-01,Action & Adventure,,
Wheel of Fortune,,Rare,GameTek,1988-09-01,Other,,
Wheel of Fortune Family Edition,,Rare,GameTek,1990-03-01,Other,,
Wheel of Fortune Junior Edition,,Rare,GameTek,1989-10-01,Other,,
Wheel of Fortune: Featuring Vanna White,,Imagitec,GameTek,1992-01-01,Other,,
Where in Time Is Carmen Sandiego?,,Distinctive Software,Konami,1991-10-01,Action & Adventure,,
Where's Waldo?,,Bethesda Softworks,THQ,1991-09-17,Other,,
Who Framed Roger Rabbit,,Rare,LJN,1989-09-01,Action & Adventure,,
Whomp 'Em,,Jaleco,Jaleco,1991-03-01,Action & Adventure,,
Widget,,Graphic Research,Atlus,1992-11-01,Action & Adventure,,
Wild Gunman,"Wild Gunman (Japan, USA).nes",Nintendo R&D1 / Intelligent Systems,Nintendo,1985-10-18,Other,,
Willow,Willow (USA).nes,Capcom,Capcom,1989-12-01,Action & Adventure,,
"Win, Lose, or Draw",,Riedel Software Productions,Hi Tech Expressions,1990-03-01,Other,,
Winter Games,,Atelier Double,Acclaim Entertainment,1987-09-01,Sports,,
Wizardry II: The Knight of Diamonds,,Sir-Tech,ASCII,1992-04-01,RPG,,
Wizardry: Proving Grounds of the Mad Overlord,,Sir-Tech,Nexoft,1990-07-01,RPG,,
Wizards & Warriors,,Rare,Acclaim Entertainment,1987-12-01,RPG,,
Wizards & Warriors III: Kuros: Visions of Power,,Zippo Games,Acclaim Entertainment,1992-03-01,Action & Adventure,,
Wolverine,,Software Creations,LJN,1991-10-01,Action & Adventure,,
World Champ,,Pixel,Romstar / Taito,1991-04-01,Sports,,
World Class Track Meet,,Human Entertainment,Nintendo,1988-08-01,Sports,,
World Games,,Software Creations,Milton Bradley Company,1989-03-01,Sports,,
Wrath of the Black Manta,,AI,Taito,1990-04-01,Action & Adventure,,
Wrecking Crew,Wrecking Crew (World).nes,Nintendo R&D1,Nintendo,1985-10-18,Action & Adventure,,
Wurm: Journey to the Center of the Earth,,Cyclone System,Asmik,1991-11-01,Action & Adventure,,
WWF King of the Ring,,Gray Matter / Eastridge Technology,LJN,1993-11-01,Wrestling,,
WWF WrestleMania,,Rare,Acclaim Entertainment,1989-01-01,Wrestling,,
WWF WrestleMania Challenge,,Rare,LJN,1990-11-01,Wrestling,,
WWF WrestleMania: Steel Cage Challenge,,Sculptured Software,LJN,1992-09-01,Wrestling,,
Xenophobe,,Sunsoft,Sunsoft,1988-12-01,Action & Adventure,,
Xevious,,Namco,Bandai,1988-09-01,Action & Adventure,,
Xexyz,,Atlus,Hudson Soft,1990-04-01,Action & Adventure,,
Yo! Noid,,Now Production,Capcom,1990-11-01,Action & Adventure,,
Yoshi,,Game Freak,Nintendo,1992-06-01,Puzzle,,
Yoshi's Cookie,,TOSE,Nintendo,1993-04-01,Puzzle,,
The Young Indiana Jones Chronicles,,Jaleco,Jaleco,1992-12-01,Action & Adventure,,
Zanac,,Compile,FCI,1987-10-01,Action & Adventure,,
Zelda II: The Adventure of Link,Zelda II - The Adventure of Link (USA).nes,Nintendo R&D4,Nintendo,1988-12-01,RPG,,
Zen the Intergalactic Ninja,,Konami,Konami,1993-03-01,Action & Adventure,,
Zoda's Revenge: StarTropics II,,Nintendo R&D3 / Locomotive Corporation,Nintendo,1994-03-01,,,
Zombie Nation,,KAZe,Meldac,1991-01-01,Other,,
